{
  "uuids": {
    "phone_id": "30af312a-50b7-478b-ab3c-4d187d6e9728",
    "uuid": "e7f7195d-3624-401b-a047-83d87dac0e5d",
    "client_session_id": "a23fb912-4115-4a4d-883b-8d32262eaed0",
    "advertising_id": "a519d621-ac46-4bd2-b92b-af9fac888754",
    "android_device_id": "android-ed02d8fafd261f9e",
    "request_id": "14a12460-6649-4aab-ade6-17df0a187abc",
    "tray_session_id": "19a1110c-7011-451c-b319-29327c53d868"
  },
  "mid": "ZEFk0AABAAHXbaBm7Dhl1osYjP-L",
  "ig_u_rur": null,
  "ig_www_claim": null,
  "authorization_data": {
    "ds_user_id": "58963754846",
    "sessionid": "58963754846%3AInIX6i7eGH6Iel%3A7%3AAYdWmsZfvqXIFYCC8tBcKemF_WfOBvastnPBEdjGWQ"
  },
  "cookies": {},
  "last_login": 1682007256.182995,
  "device_settings": {
    "app_version": "269.0.0.18.75",
    "android_version": 26,
    "android_release": "8.0.0",
    "dpi": "480dpi",
    "resolution": "1080x1920",
    "manufacturer": "OnePlus",
    "device": "devitron",
    "model": "6T Dev",
    "cpu": "qcom",
    "version_code": "314665256"
  },
  "user_agent": "Instagram 269.0.0.18.75 Android (26/8.0.0; 480dpi; 1080x1920; OnePlus; 6T Dev; devitron; qcom; en_US; 314665256)",
  "country": "US",
  "country_code": 1,
  "locale": "en_US",
  "timezone_offset": -14400
}